Elbow Angle,Knee Angle,Hip Angle,Phase,Label
179.37437446377282,32.9773175,20.189382445191523,Catch,bad
177.26710851901387,34.13016592,21.002752446423273,Catch,bad
176.5029403405903,34.44034599380512,21.402643802635456,Catch,bad
175.63865726748733,32.06553463956222,19.882748558640124,Catch,bad
174.76478194026637,30.725267158865226,19.05004358703787,Catch,bad
175.34431204323914,30.913421764019564,18.68339340176664,Catch,bad
176.2133519313859,30.482120128743738,18.79511482583823,Catch,bad
176.36727333459365,30.42636097789927,19.138174317282026,Catch,bad
177.18759786752668,30.141261581475128,18.64793305421129,Catch,bad
177.621967,30.162244781523032,18.455879883050297,Catch,bad
178.03749739009322,29.61895698569503,18.473000907807506,Catch,bad
179.5367593042759,29.846077794316024,18.32976591,Catch,bad
179.2426449796364,30.289861853289956,18.61183163265275,Catch,bad
176.7693780869653,31.221164835495095,18.99173953406746,Catch,bad
175.51073165537082,31.970422754037276,18.423407071953406,Catch,bad
173.11246806897861,33.98582256631153,18.78532721331431,Catch,bad
176.7485894235213,35.139214918270675,19.714603365699997,Catch,bad
178.1071246922831,36.86662139,21.79099817459352,Catch,bad
178.06331869517302,39.73127814335336,23.493390951459926,Catch,bad
178.54831168810165,42.47107971309491,25.227568400875906,Catch,bad
178.9941947558502,46.653209157720916,28.444099726030068,Catch,bad
179.23076371641417,51.87948070949824,31.593619681483574,Drive,bad
179.30513646750498,56.250740953739836,34.37102642079124,Drive,bad
175.4930137380622,61.50906850132206,38.119408231351535,Drive,bad
173.2090042621956,67.68627666389347,42.795595461285814,Drive,bad
169.84350718496063,75.90296458335409,49.18835112783548,Drive,bad
168.20202307375143,83.58732843661411,54.640395447626176,Drive,bad
168.34655712316643,89.02607249,58.56645879280516,Drive,bad
167.73343863002032,96.32695511571916,63.25459909294945,Drive,bad
167.35457981825257,104.7815279,71.22063764295773,Drive,bad
167.6529658767033,118.35763587212278,82.53637289049436,Drive,bad
162.90455531502357,133.17780190037283,94.88653737138856,Drive,bad
152.41242064397863,144.22005567011504,103.68153047778743,Drive,bad
142.80043822106592,150.97576362509423,108.30704355236253,Drive,bad
132.9543883745848,157.34017520120634,113.46193132837357,Drive,bad
124.5517430392191,166.14683584207543,120.01430833355357,Drive,bad
115.44041333835794,171.2395336095653,123.62573783838816,Drive,bad
108.45423387034417,172.2708869958218,126.62024389681721,Drive,bad
94.46616778363682,176.80147986019747,130.7154050721845,Drive,bad
85.78820258648537,176.85610882352685,131.99287748365145,Drive,bad
76.83412760200619,178.73722587898607,134.10872680747414,Drive,bad
68.23742666262048,179.64976668087812,136.00778963791956,Drive,bad
63.07747134062517,179.81448584689517,137.5017773433156,Drive,bad
58.90453251892631,179.6420209203344,139.59767136881067,Finish,bad
51.198597340680024,179.68878232793503,141.57553756418608,Finish,bad
45.20753501,179.19889904862313,143.34822974628736,Finish,bad
40.27292053842519,178.8121728863877,145.07981658729094,Finish,bad
35.25794662720007,179.41100746456698,146.8490618495664,Finish,bad
33.50159007215089,179.71893043438354,149.23892778795604,Finish,bad
33.52021178993519,179.75613100690074,151.37129704517378,Finish,bad
35.240840214616874,179.41735605206256,152.92976359484038,Finish,bad
37.37809733731912,176.6520841292917,151.74387137852645,Finish,bad
38.888297404145064,173.78945002576495,148.86667101084024,Finish,bad
41.70271288571703,170.77457732729536,145.76123403134582,Finish,bad
44.61091933502291,169.06829764196036,141.79700087422282,Finish,bad
53.96885108668253,168.00701342947946,139.30082071787254,Finish,bad
61.49047105407288,166.69017738866603,136.12150482343458,Drive,bad
67.45889782219334,166.5035569723439,133.66124510875827,Drive,bad
74.47041471782035,167.06584417478348,131.97986763262486,Drive,bad
78.76600271678717,170.57263716453548,132.04077828279227,Drive,bad
86.61156473697464,171.12974352786728,130.95695215785412,Drive,bad
95.56495602,172.7818853128614,129.45450570842772,Drive,bad
100.11058336375724,173.19266071702924,127.88039344063314,Drive,bad
103.55516973149781,172.76401406240842,125.37189400494064,Drive,bad
109.9177739,172.01336292322608,123.18877538564504,Drive,bad
117.89623843567136,169.06147393639185,119.10473039826284,Drive,bad
128.72905056307806,168.40162984842345,116.91883238336347,Drive,bad
135.72565178045522,166.93092687749296,113.73613206551622,Drive,bad
142.62503308521795,165.74289024519877,111.28704966891235,Drive,bad
154.5159735253908,163.5323109559871,108.11711743906703,Drive,bad
160.4071740307708,160.55075022880516,104.44969014037406,Drive,bad
164.47695422541767,153.35117148419158,100.6970754532579,Drive,bad
169.58096948273268,145.6445873795467,94.60029295343305,Drive,bad
172.35808309232118,135.28305175692464,86.57942998748942,Drive,bad
172.93622195754935,122.61677107630429,75.50158168390037,Drive,bad
176.2955520440402,114.38382241844376,68.11270817094908,Drive,bad
177.00221067863805,106.73306410549209,61.55417325713988,Drive,bad
179.44291187257224,98.08832778528642,55.52752485,Drive,bad
177.54111037316866,89.75580969756912,48.63278599572598,Drive,bad
173.53191074312272,83.88730446827343,43.45767457930816,Drive,bad
170.36455583455492,77.48767629286999,37.433777128967215,Drive,bad
168.13604870622973,76.12409821330466,35.881932680024995,Drive,bad
165.6930198226676,72.76505599530611,34.75224612,Drive,bad
162.63934286227962,69.91890819,32.25028027956207,Drive,bad
162.2431567068469,64.95114382541006,28.94243109763768,Drive,bad
159.10467410842577,60.713361640296185,25.42138194252396,Drive,bad
160.19532534915493,58.07285891515911,22.85057603414829,Drive,bad
160.23925737840452,53.34870817057751,20.017164169699896,Drive,bad
160.26705844150678,49.62110184387595,17.246403029502208,Catch,bad
164.6540208258395,47.08917093276603,14.321316320915308,Catch,bad
165.95694253665258,44.78209812137714,13.179852665662759,Catch,bad
166.46703958792915,43.16569979202988,12.132316627172855,Catch,bad
168.41729297824114,41.313504748746425,12.074082227842743,Catch,bad
169.85280146459897,39.349885457883936,12.80768003824619,Catch,bad
170.98620900225248,36.70502089067619,11.59694548442153,Catch,bad
172.98455837900417,35.001477989506746,10.870188587655365,Catch,bad
171.95728588603671,34.62797054019142,10.709168440237923,Catch,bad
172.94429212372532,34.31848995414513,10.572733394936384,Catch,bad
172.6547388404583,32.62938641594683,9.482904152681298,Catch,bad
173.27021094551623,32.27690831022296,9.306142627192017,Catch,bad
171.94940047369238,33.60013326,10.179858913613652,Catch,bad
172.1702835148272,33.65579509261576,10.070603430798075,Catch,bad
171.17074414503173,34.15426691318507,10.222816321477604,Catch,bad
171.38967415013443,34.47698829058066,9.538942774553353,Catch,bad
167.2259786474243,35.85294284113248,9.758201454420059,Catch,bad
169.29597092578464,38.50578419430034,10.863237391654303,Catch,bad
174.0585084,41.70886185486835,12.763410014195825,Catch,bad
174.60916603430042,43.46410253997676,14.658357175658809,Catch,bad
176.3858820371688,46.820144183136605,16.330650367312835,Catch,bad
177.97700045483103,52.80017445524311,20.988712203015993,Drive,bad
179.42784293308625,60.14247175463423,26.49577066790754,Drive,bad
177.45819456037552,66.94484065025291,31.669833778761603,Drive,bad
176.34607398364875,74.00318049432755,36.45000879916543,Drive,bad
178.9571940339014,83.21842313027643,43.461753074014645,Drive,bad
178.82175916892038,92.58243290527251,50.78578765632249,Drive,bad
178.24821169927458,100.68368437239437,56.13773784882784,Drive,bad
177.17929403834864,113.10259555023681,66.04710027222941,Drive,bad
178.07682472433163,126.0454256414707,78.77483536227633,Drive,bad
176.58561031371244,137.11965093507297,87.92993754,Drive,bad
179.36663514230818,148.96767480470305,97.36588763501982,Drive,bad
178.4410923252833,158.61446726063346,105.81377183298069,Drive,bad
177.16393855985118,168.40323191974414,116.08908658164847,Drive,bad
172.39405185472867,173.21343096915012,117.37356196264858,Drive,bad
160.21585967595604,176.36662908947983,120.52560984583842,Drive,bad
145.72537641315532,176.95103994918435,122.91371764624755,Drive,bad
134.8687715219298,177.6852949677327,125.55546060286662,Drive,bad
128.18863582969138,179.91374197457415,128.01912894775754,Drive,bad
115.32380570517844,179.49560565253924,129.8206204069567,Drive,bad
101.06689224044366,177.58545537453256,134.16378115069367,Drive,bad
92.69772418,178.3149590637759,136.6661766090573,Drive,bad
79.15956751741724,177.8143498993597,138.31053762081228,Drive,bad
69.33760209952261,179.3474400711821,139.30127424380842,Drive,bad
63.35852877454364,178.97600709132368,140.76443993208468,Drive,bad
56.95250418379225,177.58809994809218,140.91744587802944,Finish,bad
48.11233424656179,178.29917525731747,143.20289785313204,Finish,bad
42.138192489873305,178.17075278809205,146.66882699194377,Finish,bad
39.36221561940421,177.82356730807282,149.5751534,Finish,bad
35.417028220395075,176.5919544385522,150.3270869677319,Finish,bad
33.30781705390491,174.96633831808228,149.60875115432995,Finish,bad
32.93499008165937,173.73573878507474,150.03618041456735,Finish,bad
33.82833503572026,173.52823512100335,150.08886877493947,Finish,bad
34.38509107611754,170.4605742610647,145.75966167438426,Finish,bad
37.609803511886895,170.10911531815213,145.9252520859342,Finish,bad
40.659281415746214,169.41927931832427,143.2486452057532,Finish,bad
41.86056639,167.21047244245835,140.11747565590375,Finish,bad
45.64247097,167.34733673886194,137.24080395914712,Finish,bad
55.285365253242254,168.21441634062185,134.89465829209908,Finish,bad
69.03356552736786,169.3474932234168,135.58528763490003,Drive,bad
76.74985615052803,169.2562031439019,133.58566163499077,Drive,bad
81.52296345942091,171.24226551092187,133.11335498990837,Drive,bad
87.39882851,172.6567985735042,131.87309884189906,Drive,bad
95.26317830364806,172.4447683544778,130.82686331290617,Drive,bad
106.36932526834111,172.79429107541125,129.1595985382296,Drive,bad
114.486565,172.10895987374903,126.69677259981431,Drive,bad
119.45445517130028,171.8278474332039,125.52499853786988,Drive,bad
127.1867810589503,172.64257348756627,124.06722355869509,Drive,bad
134.1096069996085,174.15892895351465,122.64343468018141,Drive,bad
142.6808508917467,175.9566904,120.29387778381853,Drive,bad
150.9907677,174.7642385598979,117.6403115224684,Drive,bad
156.2432189750911,169.5514481976348,114.28149064938394,Drive,bad
159.35471974776118,164.25711400909628,110.27727082113587,Drive,bad
166.34441513383268,159.37825553091702,104.75495540357376,Drive,bad
170.53489634829396,150.1607623663806,97.49984515608854,Drive,bad
171.86383566788606,142.8948295543316,92.42444442256136,Drive,bad
172.91579245747369,132.32038199017467,83.79181441087073,Drive,bad
176.34888700793593,117.02504442343795,71.58531979798234,Drive,bad
177.86666171715424,110.91917496883825,65.26637823734248,Drive,bad
171.2598301206747,104.99673560028734,59.11599279,Drive,bad
171.9207242142855,97.29276272399507,53.58986315884959,Drive,bad
171.60465012189158,89.96550115315725,48.31479785930674,Drive,bad
171.5790098017675,82.88614198644123,42.92385265163391,Drive,bad
169.5823345,77.91630779493957,39.341318407833164,Drive,bad
170.11286729813762,73.79927387,37.27890814228757,Drive,bad
168.65791028256376,68.70283386235198,33.75026564110161,Drive,bad
168.7492865919727,63.592570865852274,32.09565847903076,Drive,bad
166.0677591198959,60.65736946094187,31.353529591271908,Drive,bad
163.6198187635893,52.70578584393785,25.42470514147555,Drive,bad
162.4636206,47.77853316417662,21.33195124587939,Catch,bad
160.66834168062906,44.34176730243142,19.17839486,Catch,bad
157.39523333300656,41.00333107778042,17.060013243772094,Catch,bad
156.61252899517078,37.243189449932125,14.830226845028415,Catch,bad
160.10382153770564,36.580122220705114,14.289303804655438,Catch,bad
161.76765156484709,35.630538592521184,14.454403168973135,Catch,bad
165.3215354178523,35.09173989327798,13.916226027545475,Catch,bad
167.9439662693661,33.41734566391519,12.212943806869557,Catch,bad
169.06078307712426,33.069388940913186,11.172320662611071,Catch,bad
168.81040527096278,32.66214449336113,10.962943628254866,Catch,bad
167.92567877281954,33.28010786549143,11.377283418577555,Catch,bad
169.1051426765298,33.86648544738651,12.19119392070629,Catch,bad
169.36852432198114,33.410511823820826,11.901572503449728,Catch,bad
168.6682189736178,33.00695251712887,11.400491759238912,Catch,bad
168.59410236370823,33.33689938039722,11.403179485892608,Catch,bad
166.80661258350509,33.01007826266232,11.433868399587872,Catch,bad
166.33524279384608,34.04799578060357,12.173575004783958,Catch,bad
164.0518015477283,35.111944184367026,12.510128721407623,Catch,bad
163.14428928631094,36.83747134595165,13.252020059035845,Catch,bad
163.31221147676834,39.89156080143829,14.545972873243898,Catch,bad
163.79936886805922,42.90504996980161,16.41402798265302,Catch,bad
167.9501770009868,45.86753037786373,19.245104810870917,Catch,bad
173.3614462901042,49.88663690750499,21.342566856709663,Catch,bad
177.23295251296332,56.06553007,26.190677657686937,Drive,bad
177.86593036262767,60.93635768356126,30.516408974790323,Drive,bad
178.75975354528387,67.04968510995154,35.825442286494145,Drive,bad
179.7677513331602,73.01434972697773,40.64760929978971,Drive,bad
179.69010180762544,81.82940419333525,48.37125675826415,Drive,bad
178.20537142678015,91.74739598116282,55.46608905990775,Drive,bad
176.03921358394933,101.40181437746615,62.70440655250168,Drive,bad
177.0017300340464,111.16460539889158,71.56876348518722,Drive,bad
178.6945559363762,123.17457449675533,82.27096043667639,Drive,bad
178.4902464,137.65112635412208,93.20976249,Drive,bad
179.33183911295495,147.7421958663288,101.2460944472147,Drive,bad
173.6913961319428,153.37428788054467,105.15228070074414,Drive,bad
172.9516807148188,169.10056206002037,117.45412974145889,Drive,bad
172.0066506660828,168.70797289002326,119.58464231546321,Drive,bad
165.8666092771547,173.16558369779997,123.40262879313723,Drive,bad
154.50072572263318,177.04825298738623,127.91451991564293,Drive,bad
135.61447741468086,178.2374065624179,130.71283148984602,Drive,bad
120.82505634392484,177.4299118,134.72936384146328,Drive,bad
106.75743477832297,178.62349789463045,136.08992880482668,Drive,bad
95.15544090937861,178.56098974960187,138.6870292,Drive,bad
80.44425596198565,179.94869727276605,139.60805382459938,Drive,bad
72.58162632677879,178.81806923151018,140.99778839116217,Drive,bad
64.67427180031304,179.11395243872064,142.8542514326907,Drive,bad
54.38318921965174,177.94722405342827,146.81746973426525,Finish,bad
43.81950604157405,176.67882823673042,150.2652496,Finish,bad
40.11792842502286,176.07345998754175,154.3446135483396,Finish,bad
36.448256755699006,177.88753945861936,155.18146433356657,Finish,bad
34.80323694982904,179.10023282251876,155.92286190465646,Finish,bad
34.40574686,178.8293546990102,155.44978845164903,Finish,bad
36.683743718125534,178.36077659613974,155.53744047987522,Finish,bad
38.123967879513664,176.88129444140515,154.37039363527174,Finish,bad
41.25524116566088,175.97425524471464,153.47288259706724,Finish,bad
43.63872755816283,174.1847549636575,150.65756049391598,Finish,bad
44.01670687783711,172.85993207784617,148.2936270273941,Finish,bad
50.70154738133409,170.97947153563734,145.1344572996132,Finish,bad
57.91395227551251,170.29166812245793,143.26570426449828,Finish,bad
65.46665269726529,168.63852755340812,140.39285379370418,Drive,bad
71.82701825777136,167.79346181653966,138.40770939652722,Drive,bad
78.64247523131368,167.48352842521805,136.09077559249843,Drive,bad
85.17746349317616,168.02662169107452,133.93020801078998,Drive,bad
94.69786546543502,169.4899691,132.57055379178925,Drive,bad
103.04669964179736,172.21099643925515,131.97089298308137,Drive,bad
110.06630002517494,172.2816362071629,130.2552492388179,Drive,bad
116.24592249153682,174.21617466068957,128.74681521053333,Drive,bad
124.95124721869144,175.47335746468005,126.27699629418669,Drive,bad
134.72076501837415,173.44616502853458,123.17658493548161,Drive,bad
141.9274476627374,169.65525161877613,118.69964750627729,Drive,bad
151.55414609073492,164.90324943235726,114.3069792432219,Drive,bad
157.2486497076673,158.00047353478533,109.90301182298484,Drive,bad
164.4776554531114,153.1655357333648,107.65802544214172,Drive,bad
167.07749147799967,145.1415377130756,100.53450151279311,Drive,bad
167.09556161676733,135.26827326170374,95.48909361,Drive,bad
168.64078712511426,127.33062990703195,89.28415441,Drive,bad
170.2628925145113,118.11418118541745,81.00178082,Drive,bad
172.48579794054783,111.81432943735135,75.25666295400717,Drive,bad
173.51418094276934,104.49807240465168,68.31800689728891,Drive,bad
174.42360030716142,101.60945253394266,65.22289606,Drive,bad
178.90721378818296,97.71873551074248,61.28458538873894,Drive,bad
177.5690906835422,93.24606020523672,57.261184012088314,Drive,bad
174.7003433139443,90.96935711,54.853094638156875,Drive,bad
173.11007090068594,87.43119698698627,51.41259027,Drive,bad
173.27859374868163,84.23544354470395,49.000774559118476,Drive,bad
173.5721204,85.27323438365543,45.882044308466504,Drive,bad
173.1569184044767,84.69800496464474,43.85897745142801,Drive,bad
174.6704180693886,82.54225571814096,40.48140595205394,Drive,bad
176.04390957163247,81.74760103,38.76511288415813,Drive,bad
173.11566440800945,81.18248217942549,37.74171640412733,Drive,bad
175.1501585857228,79.46826369717307,35.81565997837039,Drive,bad
175.14035198092148,78.36462980307525,35.85109099782724,Drive,bad
172.1904838551311,74.57782605870095,33.83772986834262,Drive,bad
171.68595464206282,69.62468226317753,30.67222605737727,Drive,bad
168.95915764100843,65.79591001121183,28.065482847314804,Drive,bad
166.77514078859926,60.98680165977675,25.854732345325797,Drive,bad
165.69333478224522,54.81524040142852,22.63076488,Drive,bad
166.36442468127038,50.10927387114828,19.688728837329542,Drive,bad
168.77419956273488,46.93246195971695,18.728888788943223,Catch,bad
171.06398580774658,43.41103794106327,17.19671031934748,Catch,bad
171.57396429472567,39.83813137255513,15.517285139346717,Catch,bad
171.25704807559654,37.21596992569052,14.857366517825003,Catch,bad
171.71585168519226,35.216400624050614,14.746387782765721,Catch,bad
170.9637183,33.724975024153245,14.057469710616576,Catch,bad
171.4063201403704,32.67181520876055,12.366871646858986,Catch,bad
172.5393595099635,31.59209734352758,11.993125927131233,Catch,bad
171.7198665707028,31.451163754692633,12.139846444380888,Catch,bad
170.31814809924725,31.56903544429018,11.79635506692865,Catch,bad
170.34684194190712,31.810060727875417,11.772471144845149,Catch,bad
170.71308595727223,31.196051777827027,11.754056430418625,Catch,bad
171.26088311542512,30.53171290845771,11.625952742476166,Catch,bad
168.71456620593105,30.881304848545785,11.203584630037074,Catch,bad
166.26218212855426,31.248344865726267,12.284015928106806,Catch,bad
165.45150913716813,32.20486737129804,13.233721410884252,Catch,bad
168.05846920468443,33.74069568359512,13.380082041376765,Catch,bad
171.32020851576127,36.469342474622344,14.909646348193302,Catch,bad
174.1417315939049,38.878992651070604,17.236468179462225,Catch,bad
177.11560753197782,42.06310289539759,19.24347487777018,Catch,bad
179.7963708169588,46.71645591249403,22.484994859306433,Catch,bad
179.22008111369323,52.11857083861813,26.329389868282682,Drive,bad
179.18175938941363,57.83279170886085,31.134206452791634,Drive,bad
178.40098360950043,62.90320090210102,35.23685864292409,Drive,bad
178.07350018529584,70.94826731528714,41.44800756488986,Drive,bad
177.75607101416756,81.43102971,49.45997897846505,Drive,bad
178.72099182770938,90.57206563841585,56.613397627451306,Drive,bad
179.1135801384869,98.79913845582995,63.62671552596817,Drive,bad
179.87553049733253,109.55542595965206,72.67303941667699,Drive,bad
177.5926559145209,119.53306803835311,80.97733436435836,Drive,bad
176.77137251514745,132.0451691531557,91.24198053992079,Drive,bad
173.5333185932322,143.09977680514845,101.93058011237873,Drive,bad
171.95690627577832,151.07526641204464,107.02993209557961,Drive,bad
169.97089874226756,159.76170556942304,112.55295181542286,Drive,bad
165.11930033801576,169.01341208987043,120.03718872725479,Drive,bad
150.8321268944694,175.2256729546749,125.59654565899025,Drive,bad
133.58491112982475,178.55285416343096,131.70714406079267,Drive,bad
119.91627727788057,179.77024588783584,132.48521835068698,Drive,bad
103.97526546755597,178.7841617891266,135.4371792814271,Drive,bad
91.06764359244725,179.12250351236722,135.2869312,Drive,bad
80.08018499063657,178.06449201147865,136.37820539736975,Drive,bad
68.14624091865353,179.48450277994093,138.3550902289963,Drive,bad
62.23477192710007,178.67412623067915,139.8503101182695,Drive,bad
55.688426943750386,177.65415386874352,141.25167047496706,Finish,bad
50.362026021598844,176.6997579941826,141.88985523346506,Finish,bad
45.05633892056174,178.08604708646618,145.3893491,Finish,bad
41.980094254971355,178.09423995711958,147.03096539427443,Finish,bad
38.664804559828646,177.7548379017672,149.3362301767371,Finish,bad
37.83829501,176.68998555434908,151.3727745833752,Finish,bad
39.77200739388262,175.55539258827054,151.89964437394005,Finish,bad
41.761191381936385,174.51340920498478,152.59654987469645,Finish,bad
43.13361460941205,173.85262022405243,151.93935903985374,Finish,bad
45.17059348358252,170.77888699544698,147.34842059554725,Finish,bad
48.30566005603318,167.3040190220599,142.56823252665515,Finish,bad
54.645541741835395,165.58811623791397,140.33380029110464,Finish,bad
68.56977552839996,164.20033251971077,137.22769760291285,Drive,bad
78.36697964551365,164.05043153972753,134.31906788914583,Drive,bad
83.77108327204033,164.72555703600872,132.63984505410676,Drive,bad
91.0171471,165.63289215163516,131.22862101897812,Drive,bad
103.42131054460904,166.49689499449445,129.54584259453878,Drive,bad
113.3106290518523,168.16228999935495,127.43349805535142,Drive,bad
123.80770572516671,169.9131892836146,126.58310812466088,Drive,bad
136.7672180930022,170.4031600811694,124.9569811,Drive,bad
147.56505448789332,168.95083259333543,123.22696776873474,Drive,bad
157.24067791566478,168.38872977681365,120.6005810695251,Drive,bad
166.01649413684845,165.11122351741363,116.98621555741228,Drive,bad
169.1737871458706,156.7526198549164,110.21268326712449,Drive,bad
174.04634900612476,149.01662576080724,104.28573840272719,Drive,bad
177.2992850962551,140.8362551058522,99.20735919898242,Drive,bad
179.4267002651835,131.67934422407373,92.91816830905567,Drive,bad
178.4258860936042,123.76574222134714,86.25834139714759,Drive,bad
178.84737229219593,110.62020487684603,76.92265451363517,Drive,bad
179.85135386880123,105.14020530146323,72.49733651947956,Drive,bad
178.57829316673818,94.75562428223763,63.65086893933744,Drive,bad
177.2500561863038,89.21878757272941,58.637534500200594,Drive,bad
177.0116730967075,85.08456112926511,54.57531662316987,Drive,bad
176.62525499026208,82.44070733,52.12828841878399,Drive,bad
176.10559867929967,80.78853771720382,50.96379630596832,Drive,bad
174.77961339112187,74.49007777,46.86529848009269,Drive,bad
172.7873382995186,69.67312045843046,43.03812757321891,Drive,bad
171.05131211150555,65.70298379990408,40.33225901324432,Drive,bad
171.56529245440305,61.57885479478924,37.30134096129787,Drive,bad
171.95103908482525,59.896874511276934,35.73419557957955,Drive,bad
171.1028986248809,53.645959433549336,31.555296051208682,Drive,bad
169.80519057974186,46.85803003578055,26.197891985025407,Catch,bad
168.24681640763328,45.037754133849596,25.192607623670316,Catch,bad
167.39878207788556,41.14787074813927,22.392281641664326,Catch,bad
168.8966623,38.16550459625154,19.832760519782003,Catch,bad
170.46734108126543,35.487291779234155,17.394917748553446,Catch,bad
168.98263584399723,35.24564216910443,17.441265477222817,Catch,bad
169.1665699581357,31.90648978539566,14.251263578768564,Catch,bad
169.6717424387434,31.875575506067136,14.176731740094334,Catch,bad
168.63941511229262,29.937547690059723,13.200419334757683,Catch,bad
166.68485828335648,29.59386633664776,12.70541251132452,Catch,bad
168.08422353946744,29.113412908873222,12.158279815967433,Catch,bad
170.44973945561023,28.982413097767818,11.379093307459886,Catch,bad
174.59366956315603,28.52359496,11.128151411410144,Catch,bad
174.57345282595023,28.620315842720892,11.404951762410514,Catch,bad
174.8329364167024,28.952011486149537,11.911202014666221,Catch,bad
174.4831458550474,29.276190840753017,12.21057213748773,Catch,bad
175.95740272772684,29.60852417792346,12.136901740140706,Catch,bad
176.9433341026875,30.966889060238284,12.864948634567256,Catch,bad
175.98296938767584,34.01293863974439,15.462514572222693,Catch,bad
179.7476407278447,36.129793494511794,17.02379706941723,Catch,bad
179.5980656114713,38.4279946,19.645033243371856,Catch,bad
178.9701903564827,40.567506989981354,20.976632810201533,Catch,bad
175.72604499155926,44.13347406,24.83599316130345,Catch,bad
174.26978466047285,47.668889995314515,28.828011801196933,Catch,bad
172.46990911367098,54.28231563979563,32.50658754091224,Drive,bad
172.31849110288618,58.55955598335107,34.96807049,Drive,bad
173.68847610870714,62.38069254474799,38.44277142317035,Drive,bad
174.40631532440318,70.49521767760469,45.39937857467263,Drive,bad
174.7247685639295,78.17970834686702,51.73616592772649,Drive,bad
174.1111343035533,85.62983960855807,58.030553543564075,Drive,bad
176.01576443239506,92.82470658734681,61.755813412613314,Drive,bad
175.3749128148268,99.71741271579793,67.14265047664324,Drive,bad
175.34472248370847,109.60898492663574,76.26379757699797,Drive,bad
175.4496006322558,122.21906403654936,86.08349424186257,Drive,bad
173.6922133412385,131.1198545568902,93.48093952312296,Drive,bad
171.0281727602786,143.65023433527915,101.21811821427778,Drive,bad
166.59431990066938,150.98360292967732,108.18105599533692,Drive,bad
156.72947944582413,159.0155918,114.31674810952231,Drive,bad
144.38916535938026,166.24532722918812,121.50567481667896,Drive,bad
132.10778202637212,170.00021833190513,125.86057301586604,Drive,bad
118.04721211435441,174.62017038549766,130.60669527024885,Drive,bad
103.72430904717623,175.8511433028992,134.16414145196367,Drive,bad
93.65246290556632,176.94204875543284,136.71097571337512,Drive,bad
86.23869148149625,175.38670537219846,137.00402687967295,Drive,bad
77.38609719772404,173.81731443746617,138.17671959168854,Drive,bad
69.34669003827547,174.0380272736775,140.4101504319193,Drive,bad
63.346192,173.51986050803677,141.04435896801644,Drive,bad
55.577617042156774,174.2047390046658,144.16589164070066,Finish,bad
49.10250115743195,175.97706457214403,148.6285283988991,Finish,bad
43.19634254214897,179.27711956704482,154.0779476185942,Finish,bad
43.18317430130454,177.7191615161751,153.26289816941315,Finish,bad
42.70190212860197,176.99451865435074,152.4477707938188,Finish,bad
43.30929665148931,176.4596722484164,152.27719744172586,Finish,bad
43.46381919530409,175.6168891154508,151.56148849750687,Finish,bad
45.71969287725748,175.03276161256926,151.0464131,Finish,bad
47.72804804349498,173.7030061,149.60269590978118,Finish,bad
49.45564696670845,169.61569077931284,144.5562166301192,Finish,bad
55.028748155434684,166.6445618699096,140.19829683454645,Finish,bad
64.43644603098886,164.8547972984898,135.73668820289612,Drive,bad
73.64201204616317,165.65892072660776,133.49045740316467,Drive,bad
82.18889111,165.53078892695703,129.69617927289156,Drive,bad
91.59645010818379,166.3641015284807,128.06026749484803,Drive,bad
101.40196968800791,168.48205159015373,126.94099792604484,Drive,bad
109.4811290157676,170.01636083088076,125.59286047245777,Drive,bad
122.7144787,171.23604945922773,124.48885977304046,Drive,bad
134.1841205,171.89444688587758,123.2996396654345,Drive,bad
141.5435581174634,171.5866951913229,121.69244582956316,Drive,bad
147.05238281890806,172.3073470452085,120.3108065870199,Drive,bad
155.45334930247148,172.66537563355692,118.29851718427153,Drive,bad
165.6245712,171.75682052265407,116.35703932433722,Drive,bad
174.64251520445572,169.57059729584816,113.87421098404502,Drive,bad
179.44932686818194,164.7359801910138,109.41446245310101,Drive,bad
177.21041826531552,158.98901966528405,105.46092218581163,Drive,bad
176.31984026243248,148.53856324869272,99.67499432343058,Drive,bad
176.30888903340255,141.16702410100328,94.70523739848105,Drive,bad
176.67507587446588,132.89142717277042,90.53725784106142,Drive,bad
176.34262562456536,118.74191557360062,81.22706229410939,Drive,bad
178.44063312705015,112.70076965814053,75.57813017163414,Drive,bad
179.53807679856757,104.53111629913626,69.52793103847678,Drive,bad
175.86647520072512,98.64567917171377,65.88787432409133,Drive,bad
175.39813132418956,91.19341505012653,60.760543060621956,Drive,bad
179.35619035039645,85.81082946,56.13655752964103,Drive,bad
179.58278571636274,80.06550903848552,51.84230127588243,Drive,bad
178.59122213310738,72.47034476153205,45.46927712964849,Drive,bad
179.6605455063868,68.66603336,43.47628945563097,Drive,bad
179.71740425055665,65.35878104587391,42.19750414460577,Drive,bad
178.4049321421664,59.471706670133514,37.36582345045855,Drive,bad
178.9407265999734,53.23767009,32.59157589532347,Drive,bad
179.85968530098506,47.297070127965796,28.199715468345225,Catch,bad
178.04894092698723,45.02195875706873,27.03919507085079,Catch,bad
175.3499690275212,41.93509585368975,25.696544486062503,Catch,bad
170.85499377185843,38.72699767011115,23.302875465389693,Catch,bad
170.77839998760135,34.74171649848738,20.367649624107663,Catch,bad
170.77917559253962,34.766605601300625,20.51443996834107,Catch,bad
170.5954033689267,32.94965564717023,19.24139719218627,Catch,bad
169.17154131212072,30.861082872941093,17.621664527119695,Catch,bad
169.99020110778747,29.834428640612725,17.313776983175956,Catch,bad
172.71757365336197,28.684979158448378,16.66928544651734,Catch,bad
174.16870321979223,26.396868985814198,14.973613335242431,Catch,bad
173.73723439437612,26.090907593231584,14.242458530438064,Catch,bad
175.88133700010974,25.828746561352798,14.356979886474683,Catch,bad
176.95901710451514,25.523306656281402,13.938401860596736,Catch,bad
177.4021192868891,25.95127203441213,14.384927902809155,Catch,bad
177.2779537239144,26.69341899784946,15.067697988438269,Catch,bad
177.84596824322776,27.468689807797734,15.67596425804033,Catch,bad
178.30094876205246,30.290244829569566,17.89381925045102,Catch,bad
177.75108832274344,32.41745922238573,19.793975204253368,Catch,bad
178.25817885364285,35.558666516532966,22.379205846871663,Catch,bad
177.17981959747243,38.73920029705563,25.303161019211768,Catch,bad
174.5713699259785,41.19512652266874,28.108535675557096,Catch,bad
175.38189878558612,44.25474940789518,30.332594784229595,Catch,bad
171.6592770670143,49.77852863942513,33.709645691868225,Catch,bad
171.09801258426842,55.10770263639763,36.65444084525449,Drive,bad
173.20730736857954,59.70774883246855,39.438276017896655,Drive,bad
171.92884228202345,65.14760373168335,43.59802358253452,Drive,bad
172.27454389878986,74.01442532,50.37700093106537,Drive,bad
174.2572764444842,82.45379096968162,57.18128513071013,Drive,bad
175.1758747184394,88.25832310079612,61.41138902697289,Drive,bad
176.67145986020444,94.39485098902044,64.70323643071052,Drive,bad
174.96303446527133,105.6384288690391,74.48471843549716,Drive,bad
174.53230675877307,118.7996850746124,86.75030641313288,Drive,bad
173.03197882052288,132.73670105025923,97.55567569,Drive,bad
169.15916464428204,142.84869175291178,104.34241912446284,Drive,bad
162.34890929890162,156.11244687989233,115.43919938139663,Drive,bad
152.90902510169917,161.55843303263202,119.2355071724832,Drive,bad
141.97312789603453,170.36851809154723,127.27513320622832,Drive,bad
130.0655162177879,175.41663029026046,132.08613385061565,Drive,bad
119.07116552757184,175.2079484482188,132.35788983721696,Drive,bad
103.41142740976859,173.55166457157947,132.84228026437486,Drive,bad
95.83288038125488,175.53788100759863,136.6281338843882,Drive,bad
87.24054185211543,175.28678903085637,138.7372559,Drive,bad
77.13323426,173.99443906754877,139.83252320070707,Drive,bad
68.36420779238976,173.7006910197296,141.09086607550122,Drive,bad
63.328021156200265,173.10756434490347,142.24930102387495,Drive,bad
53.74756732566103,171.84211038737774,143.37538792044083,Finish,bad
49.227142210216506,171.98510058078008,146.58241946262785,Finish,bad
44.36889477729591,172.32312387727364,148.9316961578582,Finish,bad
42.30468047412341,171.45819282501057,149.3486155958005,Finish,bad
41.33858502923237,171.35755473740056,150.09218176083456,Finish,bad
39.89416321615814,171.07817638146938,149.43459234962947,Finish,bad
39.51895808492713,170.34290072380344,148.23013479770339,Finish,bad
40.63383964505945,169.76490675557608,147.3465251121534,Finish,bad
43.505367749851736,169.9222984,147.3646226574759,Finish,bad
44.44104193019234,169.59350330041045,146.48040364821819,Finish,bad
45.73813591047555,169.7184367486596,146.0308654750024,Finish,bad
46.77345234057296,170.01005806173998,145.73366652464026,Finish,bad
49.57866756,169.84965978146917,143.84456814706763,Finish,bad
55.12768020004977,168.65351220956117,140.56999166004786,Finish,bad
60.39961416831429,166.11727935743434,136.26473136484358,Drive,bad
65.78439244102414,163.4509143496567,132.01201552834104,Drive,bad
75.00476753087506,160.90646418226345,128.63850337644325,Drive,bad
79.58649787791862,159.30523072740561,125.50192673003092,Drive,bad
83.62691124,155.20834204347665,121.28668273584779,Drive,bad
87.02764151214008,154.13516481477214,118.98843922041247,Drive,bad
91.00173670276617,147.82058242499062,113.67656402882133,Drive,bad
99.30954247530602,141.9322087370225,108.63622574821332,Drive,bad
104.42352455052148,133.53688944133867,102.0419444105003,Drive,bad
107.25828589187533,127.45870409165926,98.25887202620854,Drive,bad
108.65812276417005,124.73786441682735,96.69374312485154,Drive,bad
111.60010358822274,116.73843641372221,90.36564909,Drive,bad
117.54107686314228,110.11980686032005,84.73572503,Drive,bad
121.11742988222825,103.65211213325145,78.81696404595802,Drive,bad
122.7490345218058,94.31107057169308,72.66095273280901,Drive,bad
125.90543842369786,89.57801453698934,70.68097356804567,Drive,bad
129.6640463405903,84.80057235733217,67.29521680129498,Drive,bad
134.0842120435712,76.63374927164841,61.52569094785659,Drive,bad
138.92199167761862,71.34162753271916,58.51206643,Drive,bad
144.2083221168287,64.34994637427538,53.99057201950384,Drive,bad
149.35910196791892,59.97783662527881,51.598126201600195,Drive,bad
156.92609844142487,54.41774768917252,48.12358802345766,Drive,bad
165.0599089497116,50.87852579878099,45.14202733098737,Drive,bad
167.28825957881313,48.27819190106095,43.463910313787025,Catch,bad
171.52605249342437,44.61923211404706,41.26708352944824,Catch,bad
173.3964661,43.002937777219714,39.670410716324874,Catch,bad
176.62907545626874,40.83107093,37.66561880538093,Catch,bad
179.3535622846089,38.59301676153543,34.287642428069496,Catch,bad
177.79516941532285,36.44249458930153,33.19322977235542,Catch,bad
173.49809103990876,34.36750227107236,33.65163910523678,Catch,bad
172.9470873956631,31.408715025222328,29.90563696577271,Catch,bad
171.4813636357493,30.815035982885227,27.056291129007217,Catch,bad
173.86703900189275,28.852588501621483,25.576488011621137,Catch,bad
173.16644736586096,27.63260845820685,24.01274486251911,Catch,bad
171.23452611096536,27.460867030657774,23.312663575497602,Catch,bad
168.87592567239264,27.522741836965853,22.16751167903354,Catch,bad
168.6579998981124,29.004682641366305,22.21504405190877,Catch,bad
169.25248591052042,28.50199129574049,20.70867350336001,Catch,bad
169.22408772913738,29.20379705284697,20.114044326105155,Catch,bad
168.4753395099801,29.881886646051537,19.782370210244945,Catch,bad
169.45021132483538,29.592664309631918,20.13529679900573,Catch,bad
168.91169727570932,29.657556547956805,19.506226673799222,Catch,bad
168.65075973801723,29.92833722161071,19.249337314873625,Catch,bad
169.6929596953421,31.600323414870115,18.014581265485106,Catch,bad
167.4056396983798,35.349909787994456,20.93465065000208,Catch,bad
167.7021232193549,37.134847685227214,23.005123375243333,Catch,bad
169.98686043650162,39.97097960232576,25.83230842,Catch,bad
174.2201581,43.52985627268404,28.09761540129397,Catch,bad
176.89184872468707,46.444995113784586,30.07464349697161,Catch,bad
177.31196653778053,50.05805341636932,32.49517137,Drive,bad
178.4147652871698,55.37899261602225,35.35145642886233,Drive,bad
179.41763773728462,60.31532675218704,38.49095981442286,Drive,bad
178.7417206864456,67.17078200685756,43.90485471986608,Drive,bad
177.22149865696582,77.52087032806853,51.84847124,Drive,bad
176.0157692451244,87.75492175022849,59.685673259008574,Drive,bad
174.32355215625046,99.57170074120977,69.67950961234882,Drive,bad
174.24331679943876,109.6966540580665,77.24572597594636,Drive,bad
174.14901910778343,119.76715044625757,85.65017999482386,Drive,bad
172.82422195566193,134.76470210404594,98.00775993373004,Drive,bad
170.2220500783183,146.2307237946165,105.21718545743298,Drive,bad
167.89474105176848,156.89502779759016,112.74507133030215,Drive,bad
160.83992701991585,166.89489996990724,121.25486879921627,Drive,bad
147.27649853515112,173.25453016372708,128.7301062709742,Drive,bad
134.75383308919663,175.62859374331742,131.41678578352995,Drive,bad
122.78180181226757,173.24771401154317,132.02161871561006,Drive,bad
105.3238682510253,172.86664840699828,134.9128612554081,Drive,bad
91.17451752038386,174.11789564310982,138.07325347335973,Drive,bad
79.48934650619255,172.75105565826337,139.9577989603451,Drive,bad
68.40009456392042,173.51719215766244,140.9763036896333,Drive,bad
57.95566315,171.28698399970355,141.68997282543245,Finish,bad
50.876125007469184,171.06777906142491,142.95582259637118,Finish,bad
43.33185611,170.23840534594407,143.46034773932004,Finish,bad
38.00820686115432,170.98954571176114,145.50302173261943,Finish,bad
35.424130752644686,172.38982467165872,148.76899291106494,Finish,bad
33.81850734564508,172.60077937587468,151.23190393181426,Finish,bad
32.608695035836966,171.92693386943742,152.62062651493682,Finish,bad
33.99257235966276,171.34763047537245,153.40405920605252,Finish,bad
35.85233124156831,172.07025619892607,155.01223553755946,Finish,bad
38.57900592554367,171.97236180261422,155.25726409934944,Finish,bad
40.50579420869848,170.66876014227984,153.58660458241445,Finish,bad
41.70779657092303,168.95582815787756,150.81803578295253,Finish,bad
49.428544482448494,168.0367838910403,149.5896419642834,Finish,bad
56.54869433247058,166.12929245502346,145.7924336888501,Finish,bad
65.75327637399475,166.2629539204005,143.73691520079265,Drive,bad
74.27153371855698,162.8401934892116,136.6388477042712,Drive,bad
80.99109250635512,162.0408221894098,134.77062985664804,Drive,bad
87.04853070436619,161.22769744742268,132.42801815412255,Drive,bad
90.94627042678668,160.6672429230364,129.2005456597243,Drive,bad
94.79396798191587,160.61538085056054,126.87294852176795,Drive,bad
97.95957626396718,159.34081947968772,123.68045215761559,Drive,bad
99.54527988038313,153.72202627915783,118.42811108730223,Drive,bad
103.91698211639596,145.52886249726402,112.33367784496127,Drive,bad
105.61553445561871,140.01373907555313,107.90285766605297,Drive,bad
109.58538485499753,132.17604348065584,102.09897394230934,Drive,bad
115.94140030087995,125.68085311714137,95.94869322,Drive,bad
120.15356989583961,116.9690861719845,88.68502366043542,Drive,bad
120.76469448787999,108.78147481674289,81.83991381658974,Drive,bad
124.39057381568793,97.50070869262905,72.80991049083289,Drive,bad
125.73892357976042,93.69655889269471,69.58667628245088,Drive,bad
124.47237693857235,89.13805880128773,67.33970958,Drive,bad
120.50806808400667,86.56622955749363,67.24297195459468,Drive,bad
117.41626591226681,76.97092250562831,59.844584282935074,Drive,bad
113.54646676085298,70.79148564186404,55.81305372133033,Drive,bad
109.34921700979143,64.46298619042379,51.581212112920646,Drive,bad
115.78986326214464,59.604480429097094,47.32827498034062,Drive,bad
121.5102263570402,54.32780305097083,44.858617641894114,Drive,bad
127.51247868226754,51.922168653519805,43.711438483842734,Drive,bad
135.5761928699561,49.950506238375645,42.593424764456806,Catch,bad
142.79228033861136,48.58223760378471,41.718639317692244,Catch,bad
148.54599275317142,45.988474457954695,39.76751908487677,Catch,bad
154.78499246549072,43.29398666771937,36.449132705683894,Catch,bad
160.67407091469485,41.35174647,34.39345247,Catch,bad
165.00670206604704,37.99131427537067,31.313138630529302,Catch,bad
167.50954971148153,35.79784199652714,29.525194528569944,Catch,bad
172.01109056349512,33.92579944006901,27.004982207394583,Catch,bad
173.66743884032965,32.02605128520313,24.657885260024642,Catch,bad
176.40418635495186,30.90346008896822,23.45776891717365,Catch,bad
179.1120096616383,29.657794883611064,20.520236595379984,Catch,bad
176.4489710900236,28.794582057008935,18.691769833344843,Catch,bad
175.23872529777978,28.61900415618574,18.113850657162622,Catch,bad
173.11675898909405,28.483189919120527,17.02008455502899,Catch,bad
172.30127513587735,28.417783208093393,16.161849305516093,Catch,bad
170.8847636760824,27.537319493944217,15.140105316588077,Catch,bad
170.5101262928986,27.212761496971645,14.672887836482523,Catch,bad
171.13681782246553,27.76480647850897,14.965374453162879,Catch,bad
171.6114232,28.10086699,15.685597907085297,Catch,bad
171.50623208277278,27.768763708874328,15.518786922012447,Catch,bad
171.08445411499935,27.88205123326027,14.536217261899719,Catch,bad
166.80055199340174,29.59448370138611,16.57883884011426,Catch,bad
165.05114171732393,33.04132841629793,19.33980225,Catch,bad
168.11970879835047,35.53718556102782,21.676875172321246,Catch,bad
171.33856640032195,37.48698275433859,22.460672701290793,Catch,bad
172.17363207716008,41.607295645213526,26.362886008677478,Catch,bad
175.27768574534034,44.864966270934005,29.63004959370356,Catch,bad
174.10949809702683,50.582597550776896,33.69175278307406,Drive,bad
179.25778707457977,56.538233474626914,37.45890989,Drive,bad
178.8895860679308,62.21578848747707,41.51564090853301,Drive,bad
178.40363525309309,68.58627380144958,46.94512127706653,Drive,bad
177.0239975403132,77.65675513191572,54.11772666603628,Drive,bad
177.80113104982743,91.51458928902537,65.76028817699425,Drive,bad
175.4167951911575,101.26065387177891,72.8956907,Drive,bad
175.93934022934477,112.80151496244758,81.57173716,Drive,bad
174.7622200686255,126.41203272878555,92.71419266818084,Drive,bad
176.16452770438372,135.6923711,99.60234794359218,Drive,bad
177.4669528031849,145.16474239422493,104.93505794235662,Drive,bad
178.17542749221977,154.85603014071825,112.16429713945779,Drive,bad
174.6639177542412,164.81020135372478,120.77345346398727,Drive,bad
170.8159143366519,172.34815412561233,127.33101575064642,Drive,bad
154.79752155400226,172.99269502262007,130.69144123146376,Drive,bad
138.72303371317383,171.7772472549524,131.80262817896556,Drive,bad
108.03873681729306,170.50225440919044,132.17730229474128,Drive,bad
82.21344859559272,171.73381193375064,136.0864200959505,Drive,bad
70.48444840179286,168.97457943064802,138.5380324172895,Drive,bad
67.75054944298587,169.00004942259932,140.9760775093628,Drive,bad
71.29605513541836,171.16724699240922,145.1392617005721,Drive,bad
74.06608099385168,168.96925818582312,145.40997564771985,Drive,bad
76.59662785,167.43922497297325,145.5239522,Drive,bad
75.53428710562491,166.83058423181816,145.93681051749294,Drive,bad
75.82026169291647,165.61749931787395,144.98719864975823,Drive,bad
76.10780574338433,166.92526141292475,147.0227150058421,Drive,bad
77.03798185,168.3809249885629,148.48879816350473,Drive,bad
79.34192222805171,168.88653307827119,148.9451233011301,Drive,bad
77.46301844812173,167.9039010073684,146.81848266896162,Drive,bad
81.16325523402342,165.35608441839554,142.8892752151169,Drive,bad
84.56278580204356,162.3308255505418,137.0745527759926,Drive,bad
92.70896057939471,161.9098174597461,134.39959482522804,Drive,bad
102.4804064683578,162.7946986272518,131.8598114,Drive,bad
110.11089504080373,165.2663431,131.38612411532492,Drive,bad
125.34064149368392,168.3844684257207,131.29697808561465,Drive,bad
134.78949451649635,167.98132923296174,128.33022332751187,Drive,bad
150.8337758386787,169.4770444407032,125.76166502307328,Drive,bad
159.79025112332212,169.96870937734124,123.06585825711008,Drive,bad
161.17865763579684,169.24635675258057,119.81915784890033,Drive,bad
168.18261950409155,166.71545601771322,116.97586640258396,Drive,bad
175.9438123297171,164.82244988264472,113.8118944102326,Drive,bad
176.10027686066235,161.08220557677356,111.56426568131276,Drive,bad
171.48108400370816,160.06362439729918,109.61670264974873,Drive,bad
174.69049647395852,157.38943073976486,108.07887297677969,Drive,bad
179.83963085226046,154.1802372458977,103.99963020835413,Drive,bad
172.8872243037077,148.5395141712195,98.38362493307143,Drive,bad
171.59054030645044,133.32903121787442,86.12119045324836,Drive,bad
173.1673764217258,124.18371971652628,77.55919853311599,Drive,bad
175.72432344654575,117.5945961446585,71.14264482628843,Drive,bad
176.6088843447035,110.67578419474366,64.01181488,Drive,bad
176.11407215904273,102.80838884595846,57.0762093,Drive,bad
177.10292153095037,91.38825298201057,48.52338891773132,Drive,bad
179.03763562771522,85.68488199311523,46.067843,Drive,bad
178.8832666332503,80.92937815150219,42.792622426321536,Drive,bad
179.03348040061667,75.74784584530582,40.08653614732315,Drive,bad
179.60314876027593,69.24547706018231,36.12927981258343,Drive,bad
178.6360763258804,63.35184402497769,33.26989674355831,Drive,bad
179.94462200889743,59.30493592,30.96862434272171,Drive,bad
179.68780356208157,56.86789729882875,30.500415554848626,Drive,bad
179.33385505147146,51.67041640568796,26.53439261645084,Drive,bad
178.4966706357996,45.99996705970344,22.722529346261197,Catch,bad
176.59763504751967,41.66732308419332,20.955150474108883,Catch,bad
177.48253133714397,39.646913113224684,20.521420008309125,Catch,bad
177.00011194805265,36.27974437546565,17.942293788097434,Catch,bad
178.16884412775855,33.77130502856434,17.807297486507856,Catch,bad
178.46304782867503,32.99505005874097,17.17453423942957,Catch,bad
178.76554242292343,31.704719412577937,15.417491568802106,Catch,bad
178.7573343210165,32.54969549908353,15.513836771303477,Catch,bad
178.9558765,32.28267231402893,14.496063756546564,Catch,bad
178.26600881420777,33.219916916566355,14.733934462664203,Catch,bad
179.3414991016637,32.62061913864085,13.857522732377038,Catch,bad
179.6643824,33.025581978638236,14.46891493306981,Catch,bad
179.5545374,32.98146500194201,14.576388690329914,Catch,bad
175.68005047465402,33.80176387544816,15.554209294316577,Catch,bad
174.04803960081534,35.63624028307406,16.048716591130766,Catch,bad
172.5758858530213,38.65890568523551,19.17196068747773,Catch,bad
172.85684387708613,41.854881818233295,22.081917030945704,Catch,bad
177.74188928706312,48.032993671224624,27.130579972613273,Catch,bad
179.2190307676024,53.80648030016703,30.958049650594315,Drive,bad
177.80019527626294,58.83068645520488,34.65434195995423,Drive,bad
179.5299351564022,66.00406291456723,39.984429299980754,Drive,bad
179.95726449415034,72.66839968859895,46.55313943302642,Drive,bad
176.9411635844519,83.42770035490386,54.27826761130503,Drive,bad
175.48862305046273,93.59759907592448,61.464477032594644,Drive,bad
177.30054798094062,103.48320096285462,69.93480003609326,Drive,bad
178.70310867035855,120.01385796262741,83.93048139,Drive,bad
178.53044372405313,130.6225408,92.28326229738491,Drive,bad
176.5737308947504,143.7824327869724,102.57173626805842,Drive,bad
174.58337217465095,153.72926471297274,108.89950486717005,Drive,bad
172.5481019665947,159.03119799328587,114.09799268478929,Drive,bad
173.68377986019092,161.5328990173972,118.38303942493579,Drive,bad
172.30526071517508,164.98885290064763,123.67441947227144,Drive,bad
167.19710666596401,169.16851963168813,127.93609384202315,Drive,bad
169.4166465340569,170.5135741874264,128.6959790121646,Drive,bad
161.1907323283453,169.0466969241984,129.01317993968598,Drive,bad
146.4676358479996,169.60729021399126,131.9622106924349,Drive,bad
126.55079745214837,167.22020298852794,133.8433308909456,Drive,bad
110.63910052879173,167.71129623262732,135.9020570510466,Drive,bad
97.97921532838085,164.42099738360756,137.14223653324453,Drive,bad
81.13428210472614,162.62565093083916,138.7339629759384,Drive,bad
66.63510671728616,162.77079300491877,140.51363341700338,Drive,bad
54.86169616528512,161.55860985547957,140.68380069524179,Finish,bad
44.79258075405903,164.28667276610395,145.65244641396367,Finish,bad
41.03002202927584,163.95633627300418,145.9272605488648,Finish,bad
37.64251474069106,163.9346339865721,145.5649876595329,Finish,bad
35.36352724127159,164.50935155971493,145.64486294355433,Finish,bad
35.68300354455618,164.44466673772226,144.72850817166054,Finish,bad
38.36847285566143,164.4015726313536,144.34994523568412,Finish,bad
40.92573424119131,164.81777813931146,143.53860802847004,Finish,bad
43.81706295884612,164.92162796598922,142.17364153895704,Finish,bad
48.46826223022977,165.3680879121487,139.43983087483346,Finish,bad
50.47289521,166.75589995640556,139.02951277714527,Finish,bad
55.84900830190231,168.2298284332398,137.52477659537746,Finish,bad
60.66989229,169.44615289881443,136.05492519745437,Drive,bad
69.26673930970186,169.3890611083958,133.11863153675287,Drive,bad
79.52554776,169.48245969982585,130.0241278959497,Drive,bad
88.97393412325263,170.36222510189245,127.67404120815387,Drive,bad
98.75970591910057,170.79103345663557,126.09386344926986,Drive,bad
106.15837353824948,171.99238824431313,124.42208468937051,Drive,bad
111.88542381060746,172.00611277822995,122.2811178977743,Drive,bad
118.81842574131103,167.9412348868529,117.87058013296769,Drive,bad
126.97532686900414,165.90939671505288,115.04664579415181,Drive,bad
136.21069330338815,164.5317454218322,111.96500519024289,Drive,bad
144.8426190987874,160.45109099050302,108.70397567180589,Drive,bad
156.60098411379926,155.25294064631748,104.29045873050518,Drive,bad
164.09055906268296,150.49226178289857,101.37100455453873,Drive,bad
170.84480300418633,140.63907498877563,94.01326689032445,Drive,bad
176.43891906956858,122.27193307200324,80.16718574674654,Drive,bad
179.8662102308517,115.88805418532681,73.98116271446762,Drive,bad
177.2831384345781,111.76631542973134,69.47338078863542,Drive,bad
175.6942383466651,106.86939926497489,65.29014079137117,Drive,bad
174.42734975494946,100.23820239772249,58.42692729686359,Drive,bad
173.8323764469742,95.17613519149776,53.64364901142241,Drive,bad
173.60254642528193,89.04875822490006,48.585723299326276,Drive,bad
174.1417941076571,82.04208596009506,44.14243968589632,Drive,bad
176.81857347946283,75.44354302486352,39.59779941094656,Drive,bad
178.01888675454327,69.58317649635693,36.679649472846776,Drive,bad
177.3817097431169,62.39761205495822,32.19792968,Drive,bad
177.59871735093213,58.00874849,28.119334783314375,Drive,bad
175.6775675100558,54.19870354,26.88139025464705,Drive,bad
175.82930906969068,49.90616379641049,23.78842688,Catch,bad
178.98577631135467,44.03047377996077,20.747930801025426,Catch,bad
179.81990135096976,40.25085931167425,18.450224781425128,Catch,bad
177.62730762501454,37.77891939293248,17.040743617260382,Catch,bad
176.4935519407733,32.020909757684635,14.768840127583868,Catch,bad
177.47671296834872,30.16723940020754,13.50242019709025,Catch,bad
179.80846606509246,28.534371717795093,13.029058106422921,Catch,bad
179.7640600502783,29.18234852523469,13.36964216534939,Catch,bad
177.74237465212104,27.05361953739926,11.984726390055396,Catch,bad
175.3302359622426,28.76945086345945,12.28440942124479,Catch,bad
173.57336819321026,27.23619630415567,10.99731435,Catch,bad
173.27695070981417,27.212663449750888,11.295018242286279,Catch,bad
173.89525201984688,27.136145805909134,11.15400940118062,Catch,bad
175.77386063389986,27.692542632089435,11.55269916252806,Catch,bad
176.51899485997802,28.403849188521043,12.170997253264298,Catch,bad
178.19571153306015,28.473176803279387,12.485561441952411,Catch,bad
178.48895820670688,29.642482586312926,12.465565746653297,Catch,bad
179.6154079771806,31.677712959247945,14.365683254465672,Catch,bad
176.75804861728827,31.189969591973778,15.719559599619428,Catch,bad
179.5038347170185,35.82396345552584,18.198717863174497,Catch,bad
176.8318333988925,39.96057260630789,21.191683006745798,Catch,bad
174.84051265172621,44.145872060910236,25.82649065774968,Catch,bad
172.24454312029215,47.79311311,28.698716901177633,Catch,bad
172.45416493972024,52.48089037192076,33.208302921053836,Drive,bad
174.7408911912904,58.72730180520731,37.89844417113416,Drive,bad
176.29540920891546,65.41748383143964,43.064590678893786,Drive,bad
175.76765336027592,76.20944021299195,51.46515875491899,Drive,bad
178.1574707117181,86.22485871025235,59.38941364617429,Drive,bad
178.79397669900914,94.65311968,65.76300988,Drive,bad
179.9547096544313,102.49788269098914,70.81200339137926,Drive,bad
179.6022659005305,116.43120517922962,82.54865503511428,Drive,bad
177.28560127869295,128.11102677780812,92.71832431,Drive,bad
174.68096793651713,139.60014413661858,101.53442345198746,Drive,bad
169.24002874952362,152.75833431396893,111.0546568961345,Drive,bad
161.03036412226487,157.73492867845164,114.79399404972867,Drive,bad
156.66693659285866,169.65973973973988,124.30389460853347,Drive,bad
147.49346782079505,171.28147549880342,128.59314384315562,Drive,bad
136.03978443833563,174.9564343327661,131.28816474052456,Drive,bad
117.31857470600684,170.42118114885238,129.68738883984204,Drive,bad
104.66925918003895,171.8088275835977,131.58960397698954,Drive,bad
92.93787764965444,171.66674491974953,134.57973830591436,Drive,bad
76.33316437300856,171.48293962594622,136.21965169387553,Drive,bad
69.37797868287473,169.30354400572324,136.7412225076922,Drive,bad
64.54207689166736,166.13058855527515,137.2979765672995,Drive,bad
56.89157510275814,163.7091726323547,137.90666533524532,Finish,bad
46.11761764285179,162.8672781,138.44849198146576,Finish,bad
41.108141427306236,163.67683825168984,140.1092463680649,Finish,bad
36.63181026802621,163.56901997236073,141.9886901,Finish,bad
37.25029178381714,163.55482528022347,143.73144876822838,Finish,bad
39.89172957405096,161.9847760394084,142.54437390972186,Finish,bad
40.870533688557025,162.1621720011674,143.78520091293336,Finish,bad
36.80302164596367,162.27741691577137,143.26018411876527,Finish,bad
37.073934184652266,163.21390954328677,144.2947035010744,Finish,bad
33.97674783,164.19034376084412,143.88585175294386,Finish,bad
33.428296397842225,165.10043775689124,144.6808508633289,Finish,bad
33.68060111825864,165.67968844047812,144.42738540823768,Finish,bad
37.73384246820413,166.5175743045693,145.4462330738194,Finish,bad
42.87476047103538,166.78190732455334,143.29531282531826,Finish,bad
48.07535010211443,167.54919581647582,141.33506039077773,Finish,bad
54.45799058653891,168.66970780800983,139.63215638547564,Finish,bad
61.65498889881929,168.5690669927533,136.74516393178175,Drive,bad
75.72303315445544,168.18631923584505,133.81446980231306,Drive,bad
90.78472116184805,169.6267849,133.9465737760991,Drive,bad
106.62219443583243,170.0518013768606,132.34257983546934,Drive,bad
117.94309091247902,170.1169715842702,129.27074584717823,Drive,bad
125.24340403633946,170.2065671,126.65023659299368,Drive,bad
132.5543547328179,170.04121610098005,123.40136532078844,Drive,bad
142.77646499241797,168.96657636796724,119.83469253878894,Drive,bad
149.83601232791753,166.3515856936094,116.48697528413605,Drive,bad
158.54169367161242,160.07347218921376,111.98228621957209,Drive,bad
163.01341228598284,156.8476400964306,108.16639320915934,Drive,bad
163.98830074424637,150.52489758003932,103.25238973783478,Drive,bad
165.23892324085725,138.73973036285554,95.06715613068393,Drive,bad
168.05866249771637,128.8017346366745,87.12223790546575,Drive,bad
171.22521183109538,114.46187800979979,74.81088782285435,Drive,bad
172.36300892673768,106.20150584933879,67.99280511123536,Drive,bad
175.5763408420849,99.49201091476942,61.900966281607005,Drive,bad
176.8830587859859,94.97142092162808,57.22804325988494,Drive,bad
177.30008431565392,87.99687097475167,52.031620258412474,Drive,bad
178.11516679810703,80.26098801184594,45.99024890268983,Drive,bad
178.26405602780943,75.24212856,42.70909209831823,Drive,bad
178.15520525556087,70.76508682075662,40.73028713575431,Drive,bad
179.5539564524772,66.79462350225747,38.022201771305376,Drive,bad
179.52265931297137,62.99748726222392,36.769432766866146,Drive,bad
177.36982601438547,55.40598457173822,32.61782396317194,Drive,bad
177.3544760233225,49.18901099417893,28.19365829141021,Catch,bad
175.52334892600928,46.39689079011522,26.929524998139645,Catch,bad
174.3313271,43.258584677956705,25.701453615571666,Catch,bad
177.71653542542907,39.733679572403574,24.738562515514417,Catch,bad
179.23029709170206,35.97671999648955,22.369965834665702,Catch,bad
179.50305490707927,33.87966025551008,19.853117076555115,Catch,bad
179.63486863421593,31.930108912617456,19.02748348310205,Catch,bad
177.7162490068752,29.77066976929397,17.559108516549177,Catch,bad
177.3843649924502,29.151361167954825,16.145531798479027,Catch,bad
178.46573651361288,27.90635202811342,14.499947460013962,Catch,bad
178.73356079923582,27.958465802352162,13.419208977167756,Catch,bad
179.11113639776326,27.27815975193246,13.043543813959865,Catch,bad
178.72262087983265,28.299642036117284,12.48260663840837,Catch,bad
178.31650883543253,28.696611518366698,12.83509454100198,Catch,bad
179.96076232018532,28.53967250590083,12.956085995594758,Catch,bad
179.76029885330195,28.756957576537165,13.192216334867616,Catch,bad
179.20603252230433,28.801965796731636,13.542648681051485,Catch,bad
175.77531870172922,30.892042005527614,15.14992946664997,Catch,bad
172.88959278325018,32.83509226602861,16.30036054300229,Catch,bad
170.6812289433417,34.811625898155185,18.170483282333468,Catch,bad
175.29811970360734,37.26194674700167,20.533842400175303,Catch,bad
179.66889567604866,40.25302468725722,22.703017099573227,Catch,bad
178.85225678997008,44.15157357415628,25.220507113959865,Catch,bad
179.09493802733073,50.404153657763004,29.494912234506245,Drive,bad
179.00976759034285,56.44398576393383,34.00632359689434,Drive,bad
178.66696107270442,62.833404521432406,38.364611958036825,Drive,bad
179.82131780299065,70.60266247,45.54551515612274,Drive,bad
179.2369066333777,83.23147169402718,55.39938368354298,Drive,bad
177.59696245978628,90.91175324162144,60.69632212773618,Drive,bad
177.34858783405903,100.71299777566617,69.23326633301431,Drive,bad
178.85549807797793,111.51777197167699,77.50628527007134,Drive,bad
178.7759137849896,122.62687239915294,87.83583553518912,Drive,bad
174.19901477904457,137.32862737834668,98.84892083044902,Drive,bad
178.3161223744158,146.9111555,105.28092797589403,Drive,bad
175.1825868876524,154.230249,110.63649982117087,Drive,bad
167.1181378530548,162.78146684322584,116.80327648258566,Drive,bad
157.65599767549514,170.49637987221087,124.65029416360991,Drive,bad
142.2571471,170.39235097289537,125.6642856983198,Drive,bad
133.21265211674384,170.9446677757817,127.72047850991365,Drive,bad
116.52022418039655,170.6644606090868,128.9095993419361,Drive,bad
102.80476845214672,172.27017212828548,131.7907609030219,Drive,bad
90.55700384750892,170.71445285196748,133.18548827064532,Drive,bad
76.87266589891206,168.49735017389077,133.78147659621897,Drive,bad
68.45395063566365,168.20289873612188,135.9553678449539,Drive,bad
64.18509706,166.23754804849509,136.59498733690765,Drive,bad
50.461107639024675,164.74461622273742,137.5629913329523,Finish,bad
35.365945053338415,163.33675983572383,137.87023038817594,Finish,bad
27.51921533726405,162.93635158153563,138.88996907876654,Finish,bad
17.248518303093633,162.84914162767868,141.33255644531368,Finish,bad
9.976001824998269,163.1605104383267,142.79389569877785,Finish,bad
8.724918898826978,164.97508306324397,144.23987178879526,Finish,bad
9.988520626,164.82008754370165,144.2241697372338,Finish,bad
11.942184695842256,167.49413308157366,148.58205308570498,Finish,bad
14.044828125030964,167.0050831853609,148.7269825649122,Finish,bad
18.234762873525515,166.86295450110805,147.9201809431769,Finish,bad
21.441337595189534,165.30704512720322,144.82049778490898,Finish,bad
25.01581111200854,164.92357012996303,142.50042057934365,Finish,bad
34.72953576521036,164.20586503058198,139.90632298433445,Finish,bad
43.15528911285755,163.08305188950692,137.36179556686997,Finish,bad
53.629527576000214,163.06523052432937,135.6242334749696,Finish,bad
